<application>
  <component name="FileTypeManager" version="17">
    <extensionMap>
      <mapping ext="py" type="Native" />
      <mapping pattern=".ideavimrc" type="PLAIN_TEXT" />
      <mapping pattern="inputItems.tsx" type="PLAIN_TEXT" />
      <mapping pattern="Calendar.php" type="PLAIN_TEXT" />
      <mapping pattern="updateResume" type="PLAIN_TEXT" />
      <mapping pattern=".dockerignore" type="PLAIN_TEXT" />
      <mapping pattern="sofficerc" type="PLAIN_TEXT" />
      <mapping pattern="updateStatusWaitingReport" type="PLAIN_TEXT" />
      <mapping pattern="componentInputTypestsx" type="PLAIN_TEXT" />
      <mapping pattern="docker/php/Dockerfile" type="PLAIN_TEXT" />
      <mapping pattern="env" type="PLAIN_TEXT" />
      <mapping ext="jsonnet" type="PLAIN_TEXT" />
      <mapping pattern="Portal.sj" type="Vue.js" />
      <mapping pattern="updateStaticHiring" type="Bash" />
    </extensionMap>
  </component>
</application>