<application>
  <component name="UpdatesConfigurable">
    <ignoredBuildNumbers>
      <item value="201.8743.18" />
      <item value="201.8538.41" />
    </ignoredBuildNumbers>
    <option name="LAST_BUILD_CHECKED" value="PS-201.7846.90" />
    <option name="LAST_TIME_CHECKED" value="1612256209079" />
    <pluginHosts>
      <item value="https://plugins.jetbrains.com/plugin/631-python" />
      <item value="https://plugins.jetbrains.com/plugins/eap/ideavim" />
    </pluginHosts>
    <option name="THIRD_PARTY_PLUGINS_ALLOWED" value="true" />
    <option name="UPDATE_CHANNEL_TYPE" value="eap" />
  </component>
</application>